{
  "hash": "8c9b12b7",
  "configHash": "93d84dd6",
  "lockfileHash": "e3b0c442",
  "browserHash": "10a83fa2",
  "optimized": {
    "@angular/core": {
      "src": "../../../../../../17.3/node_modules/@angular/core/fesm2022/core.mjs",
      "file": "@angular_core.js",
      "fileHash": "6e7d15cf",
      "needsInterop": false
    },
    "@angular/platform-browser": {
      "src": "../../../../../../17.3/node_modules/@angular/platform-browser/fesm2022/platform-browser.mjs",
      "file": "@angular_platform-browser.js",
      "fileHash": "eb4eac45",
      "needsInterop": false
    },
    "@angular/router": {
      "src": "../../../../../../17.3/node_modules/@angular/router/fesm2022/router.mjs",
      "file": "@angular_router.js",
      "fileHash": "6f1d46c3",
      "needsInterop": false
    },
    "@angular/common/http": {
      "src": "../../../../../../17.3/node_modules/@angular/common/fesm2022/http.mjs",
      "file": "@angular_common_http.js",
      "fileHash": "e3a0b6ed",
      "needsInterop": false
    },
    "@angular/forms": {
      "src": "../../../../../../17.3/node_modules/@angular/forms/fesm2022/forms.mjs",
      "file": "@angular_forms.js",
      "fileHash": "594730a1",
      "needsInterop": false
    }
  },
  "chunks": {
    "chunk-XXGNZKQO": {
      "file": "chunk-XXGNZKQO.js"
    },
    "chunk-ORYLJTNR": {
      "file": "chunk-ORYLJTNR.js"
    },
    "chunk-HD2IRKZE": {
      "file": "chunk-HD2IRKZE.js"
    },
    "chunk-SPNHC3AD": {
      "file": "chunk-SPNHC3AD.js"
    }
  }
}